username,name,url_main,url_user,exists,http_status,response_time_ms
realdonaldtrump,2Dimensions,https://2Dimensions.com/,https://2Dimensions.com/a/realdonaldtrump,no,404,470
realdonaldtrump,3dnews,http://forum.3dnews.ru/,http://forum.3dnews.ru/member.php?username=realdonaldtrump,no,200,319
realdonaldtrump,4pda,https://4pda.ru/,https://4pda.ru/forum/index.php?act=search&source=pst&noform=1&username=realdonaldtrump,no,200,306
realdonaldtrump,500px,https://500px.com/,https://500px.com/realdonaldtrump,no,404,331
realdonaldtrump,7Cups,https://www.7cups.com/,https://www.7cups.com/@realdonaldtrump,yes,200,863
realdonaldtrump,9GAG,https://9gag.com/,https://9gag.com/u/realdonaldtrump,no,403,213
realdonaldtrump,About.me,https://about.me/,https://about.me/realdonaldtrump,yes,200,262
realdonaldtrump,Academia.edu,https://www.academia.edu/,https://independent.academia.edu/realdonaldtrump,no,404,257
realdonaldtrump,AdobeForums,https://forums.adobe.com/,https://forums.adobe.com/people/realdonaldtrump,no,400,623
realdonaldtrump,Alik.cz,https://www.alik.cz/,https://www.alik.cz/u/realdonaldtrump,no,404,601
realdonaldtrump,AllTrails,https://www.alltrails.com/,https://www.alltrails.com/members/realdonaldtrump,no,200,1713
realdonaldtrump,Anobii,https://www.anobii.com/,https://www.anobii.com/realdonaldtrump/profile,no,302,698
realdonaldtrump,Aptoide,https://en.aptoide.com/,https://realdonaldtrump.en.aptoide.com/,no,404,1349
realdonaldtrump,Archive.org,https://archive.org,https://archive.org/details/@realdonaldtrump,no,200,628
realdonaldtrump,Asciinema,https://asciinema.org,https://asciinema.org/~realdonaldtrump,no,404,569
realdonaldtrump,Ask Fedora,https://ask.fedoraproject.org/,https://ask.fedoraproject.org/u/realdonaldtrump,no,404,430
realdonaldtrump,AskFM,https://ask.fm/,https://ask.fm/realdonaldtrump,yes,200,315
realdonaldtrump,Audiojungle,https://audiojungle.net/,https://audiojungle.net/user/realdonaldtrump,yes,200,294
realdonaldtrump,Avizo,https://www.avizo.cz/,https://www.avizo.cz/realdonaldtrump/,no,301,1157
realdonaldtrump,BLIP.fm,https://blip.fm/,https://blip.fm/realdonaldtrump,no,404,321
realdonaldtrump,BOOTH,https://booth.pm/,https://realdonaldtrump.booth.pm/,no,302,1284
realdonaldtrump,Badoo,https://badoo.com/,https://badoo.com/profile/realdonaldtrump,no,404,593
realdonaldtrump,Bandcamp,https://www.bandcamp.com/,https://www.bandcamp.com/realdonaldtrump,yes,200,2597
realdonaldtrump,Bazar.cz,https://www.bazar.cz/,https://www.bazar.cz/realdonaldtrump/,no,302,874
realdonaldtrump,Behance,https://www.behance.net/,https://www.behance.net/realdonaldtrump,no,404,555
realdonaldtrump,BitBucket,https://bitbucket.org/,https://bitbucket.org/realdonaldtrump/,yes,200,553
realdonaldtrump,BitCoinForum,https://bitcoinforum.com,https://bitcoinforum.com/profile/realdonaldtrump,no,200,1028
realdonaldtrump,Blogger,https://www.blogger.com/,https://realdonaldtrump.blogspot.com,yes,200,563
realdonaldtrump,BodyBuilding,https://bodyspace.bodybuilding.com/,https://bodyspace.bodybuilding.com/realdonaldtrump,yes,200,1824
realdonaldtrump,Bookcrossing,https://www.bookcrossing.com/,https://www.bookcrossing.com/mybookshelf/realdonaldtrump/,no,404,859
realdonaldtrump,BuyMeACoffee,https://www.buymeacoffee.com/,https://buymeacoff.ee/realdonaldtrump,no,404,1144
realdonaldtrump,BuzzFeed,https://buzzfeed.com/,https://buzzfeed.com/realdonaldtrump,yes,200,919
realdonaldtrump,CNET,https://www.cnet.com/,https://www.cnet.com/profiles/realdonaldtrump/,yes,200,1333
realdonaldtrump,Carbonmade,https://carbonmade.com/,https://realdonaldtrump.carbonmade.com,no,404,796
realdonaldtrump,Career.habr,https://career.habr.com/,https://career.habr.com/realdonaldtrump,no,404,1029
realdonaldtrump,CashMe,https://cash.me/,https://cash.me/$realdonaldtrump,yes,200,1699
realdonaldtrump,Cent,https://cent.co/,https://beta.cent.co/@realdonaldtrump,yes,200,1254
realdonaldtrump,Championat,https://www.championat.com/,https://www.championat.com/user/realdonaldtrump,no,404,1856
realdonaldtrump,Chatujme.cz,https://chatujme.cz/,https://profil.chatujme.cz/realdonaldtrump,no,404,1616
realdonaldtrump,Chess,https://www.chess.com/ru/,https://www.chess.com/ru/member/realdonaldtrump,yes,200,1138
realdonaldtrump,Cloob,https://www.cloob.com/,https://www.cloob.com/name/realdonaldtrump,no,404,1612
realdonaldtrump,CloudflareCommunity,https://community.cloudflare.com/,https://community.cloudflare.com/u/realdonaldtrump,no,404,1141
realdonaldtrump,Clozemaster,https://www.clozemaster.com,https://www.clozemaster.com/players/realdonaldtrump,no,404,1348
realdonaldtrump,Codecademy,https://www.codecademy.com/,https://www.codecademy.com/profiles/realdonaldtrump,yes,200,1357
realdonaldtrump,Codechef,https://www.codechef.com/,https://www.codechef.com/users/realdonaldtrump,no,302,1197
realdonaldtrump,Coderwall,https://coderwall.com/,https://coderwall.com/realdonaldtrump,no,404,1342
realdonaldtrump,Codewars,https://www.codewars.com,https://www.codewars.com/users/realdonaldtrump,no,404,1376
realdonaldtrump,ColourLovers,https://www.colourlovers.com/,https://www.colourlovers.com/lover/realdonaldtrump,yes,200,2701
realdonaldtrump,Contently,https://contently.com/,https://realdonaldtrump.contently.com/,no,404,1335
realdonaldtrump,Coroflot,https://coroflot.com/,https://www.coroflot.com/realdonaldtrump,no,404,1488
realdonaldtrump,Cracked,https://www.cracked.com/,https://www.cracked.com/members/realdonaldtrump/,yes,200,1401
realdonaldtrump,CreativeMarket,https://creativemarket.com/,https://creativemarket.com/users/realdonaldtrump,no,404,1648
realdonaldtrump,Crevado,https://crevado.com/,https://realdonaldtrump.crevado.com,no,404,1640
realdonaldtrump,Crunchyroll,https://www.crunchyroll.com/,https://www.crunchyroll.com/user/realdonaldtrump,yes,200,1748
realdonaldtrump,DEV Community,https://dev.to/,https://dev.to/realdonaldtrump,no,404,1512
realdonaldtrump,DailyMotion,https://www.dailymotion.com/,https://www.dailymotion.com/realdonaldtrump,yes,200,2337
realdonaldtrump,Designspiration,https://www.designspiration.net/,https://www.designspiration.net/realdonaldtrump/,no,404,1817
realdonaldtrump,DeviantART,https://deviantart.com,https://realdonaldtrump.deviantart.com,yes,200,3024
realdonaldtrump,Discogs,https://www.discogs.com/,https://www.discogs.com/user/realdonaldtrump,yes,200,1834
realdonaldtrump,Discuss.Elastic.co,https://discuss.elastic.co/,https://discuss.elastic.co/u/realdonaldtrump,no,404,1728
realdonaldtrump,Disqus,https://disqus.com/,https://disqus.com/realdonaldtrump,yes,200,1723
realdonaldtrump,Docker Hub,https://hub.docker.com/,https://hub.docker.com/u/realdonaldtrump/,no,404,1707
realdonaldtrump,Dribbble,https://dribbble.com/,https://dribbble.com/realdonaldtrump,no,404,1801
realdonaldtrump,Duolingo,https://duolingo.com/,https://www.duolingo.com/profile/realdonaldtrump,yes,200,1855
realdonaldtrump,Ebay,https://www.ebay.com/,https://www.ebay.com/usr/realdonaldtrump,yes,200,2163
realdonaldtrump,Euw,https://euw.op.gg/,https://euw.op.gg/summoner/userName=realdonaldtrump,yes,200,2158
realdonaldtrump,Ello,https://ello.co/,https://ello.co/realdonaldtrump,yes,200,2061
realdonaldtrump,Etsy,https://www.etsy.com/,https://www.etsy.com/shop/realdonaldtrump,no,404,2063
realdonaldtrump,EyeEm,https://www.eyeem.com/,https://www.eyeem.com/u/realdonaldtrump,yes,200,2408
realdonaldtrump,F3.cool,https://f3.cool/,https://f3.cool/realdonaldtrump/,no,404,1925
realdonaldtrump,Facebook,https://www.facebook.com/,https://www.facebook.com/realdonaldtrump,no,404,2181
realdonaldtrump,Facenama,https://facenama.com/,https://facenama.com/realdonaldtrump,no,302,2541
realdonaldtrump,Fandom,https://www.fandom.com/,https://www.fandom.com/u/realdonaldtrump,no,404,2267
realdonaldtrump,Filmogs,https://www.filmo.gs/,https://www.filmo.gs/users/realdonaldtrump,no,404,2465
realdonaldtrump,Fiverr,https://www.fiverr.com/,https://www.fiverr.com/realdonaldtrump,yes,200,2172
realdonaldtrump,Flickr,https://www.flickr.com/,https://www.flickr.com/people/realdonaldtrump,no,404,2396
realdonaldtrump,Flightradar24,https://www.flightradar24.com/,https://my.flightradar24.com/realdonaldtrump,no,404,2628
realdonaldtrump,Flipboard,https://flipboard.com/,https://flipboard.com/@realdonaldtrump,no,404,2109
realdonaldtrump,Football,https://www.rusfootball.info/,https://www.rusfootball.info/user/realdonaldtrump/,no,404,2772
realdonaldtrump,FortniteTracker,https://fortnitetracker.com/challenges,https://fortnitetracker.com/profile/all/realdonaldtrump,yes,200,2304
realdonaldtrump,Freelance.habr,https://freelance.habr.com/,https://freelance.habr.com/freelancers/realdonaldtrump,no,404,2150
realdonaldtrump,Freesound,https://freesound.org/,https://freesound.org/people/realdonaldtrump/,yes,200,2629
realdonaldtrump,GDProfiles,https://gdprofiles.com/,https://gdprofiles.com/realdonaldtrump,no,404,3361
realdonaldtrump,Gamespot,https://www.gamespot.com/,https://www.gamespot.com/profile/realdonaldtrump/,no,404,2421
realdonaldtrump,Giphy,https://giphy.com/,https://giphy.com/realdonaldtrump,yes,200,2543
realdonaldtrump,GitHub,https://www.github.com/,https://www.github.com/realdonaldtrump,yes,200,2991
realdonaldtrump,GitLab,https://gitlab.com/,https://gitlab.com/realdonaldtrump,yes,200,2409
realdonaldtrump,Gitee,https://gitee.com/,https://gitee.com/realdonaldtrump,no,404,4097
realdonaldtrump,GoodReads,https://www.goodreads.com/,https://www.goodreads.com/realdonaldtrump,no,404,2549
realdonaldtrump,Gravatar,http://en.gravatar.com/,http://en.gravatar.com/realdonaldtrump,yes,200,2473
realdonaldtrump,Gumroad,https://www.gumroad.com/,https://www.gumroad.com/realdonaldtrump,no,404,2842
realdonaldtrump,GunsAndAmmo,https://gunsandammo.com/,https://forums.gunsandammo.com/profile/realdonaldtrump,no,404,2729
realdonaldtrump,GuruShots,https://gurushots.com/,https://gurushots.com/realdonaldtrump/photos,no,404,3320
realdonaldtrump,HackTheBox,https://forum.hackthebox.eu/,https://forum.hackthebox.eu/profile/realdonaldtrump,no,404,2749
realdonaldtrump,HackerNews,https://news.ycombinator.com/,https://news.ycombinator.com/user?id=realdonaldtrump,yes,200,2871
realdonaldtrump,HackerOne,https://hackerone.com/,https://hackerone.com/realdonaldtrump,no,404,2711
realdonaldtrump,HackerRank,https://hackerrank.com/,https://hackerrank.com/realdonaldtrump,yes,200,3624
realdonaldtrump,House-Mixes.com,https://www.house-mixes.com/,https://www.house-mixes.com/profile/realdonaldtrump,no,200,3911
realdonaldtrump,Houzz,https://houzz.com/,https://houzz.com/user/realdonaldtrump,yes,200,3318
realdonaldtrump,HubPages,https://hubpages.com/,https://hubpages.com/@realdonaldtrump,no,404,2854
realdonaldtrump,Hubski,https://hubski.com/,https://hubski.com/user/realdonaldtrump,no,200,2926
realdonaldtrump,IFTTT,https://www.ifttt.com/,https://www.ifttt.com/p/realdonaldtrump,yes,200,3256
realdonaldtrump,ImageShack,https://imageshack.us/,https://imageshack.us/user/realdonaldtrump,no,302,3340
realdonaldtrump,ImgUp.cz,https://imgup.cz/,https://imgup.cz/realdonaldtrump,no,404,3179
realdonaldtrump,Instagram,https://www.instagram.com/,https://www.instagram.com/realdonaldtrump,no,405,3007
realdonaldtrump,Instructables,https://www.instructables.com/,https://www.instructables.com/member/realdonaldtrump,no,404,3635
realdonaldtrump,Investing.com,https://www.investing.com/,https://www.investing.com/traders/realdonaldtrump,yes,200,3694
realdonaldtrump,Issuu,https://issuu.com/,https://issuu.com/realdonaldtrump,yes,200,3020
realdonaldtrump,Itch.io,https://itch.io/,https://realdonaldtrump.itch.io/,yes,200,4013
realdonaldtrump,Jimdo,https://jimdosite.com/,https://realdonaldtrump.jimdosite.com,no,404,3517
realdonaldtrump,Kaggle,https://www.kaggle.com/,https://www.kaggle.com/realdonaldtrump,yes,200,3108
realdonaldtrump,Kali community,https://forums.kali.org/,https://forums.kali.org/member.php?username=realdonaldtrump,no,200,3203
realdonaldtrump,KanoWorld,https://world.kano.me/,https://api.kano.me/progress/user/realdonaldtrump,no,404,3556
realdonaldtrump,Keybase,https://keybase.io/,https://keybase.io/realdonaldtrump,yes,200,3322
realdonaldtrump,Kik,http://kik.me/,https://ws2.kik.com/user/realdonaldtrump,yes,200,3245
realdonaldtrump,Kongregate,https://www.kongregate.com/,https://www.kongregate.com/accounts/realdonaldtrump,no,404,3507
realdonaldtrump,Lolchess,https://lolchess.gg/,https://lolchess.gg/profile/na/realdonaldtrump,no,200,4545
realdonaldtrump,LOR,https://linux.org.ru/,https://www.linux.org.ru/people/realdonaldtrump/profile,no,404,3626
realdonaldtrump,Launchpad,https://launchpad.net/,https://launchpad.net/~realdonaldtrump,no,404,4044
realdonaldtrump,LeetCode,https://leetcode.com/,https://leetcode.com/realdonaldtrump,yes,200,3770
realdonaldtrump,Letterboxd,https://letterboxd.com/,https://letterboxd.com/realdonaldtrump,yes,200,4111
realdonaldtrump,Lichess,https://lichess.org,https://lichess.org/@/realdonaldtrump,yes,200,3762
realdonaldtrump,LiveJournal,https://www.livejournal.com/,https://realdonaldtrump.livejournal.com,yes,200,3900
realdonaldtrump,LiveLeak,https://www.liveleak.com/,https://www.liveleak.com/c/realdonaldtrump,yes,200,5522
realdonaldtrump,Lobsters,https://lobste.rs/,https://lobste.rs/u/realdonaldtrump,no,404,3763
realdonaldtrump,Medium,https://medium.com/,https://medium.com/@realdonaldtrump,no,410,3663
realdonaldtrump,MeetMe,https://www.meetme.com/,https://www.meetme.com/realdonaldtrump,yes,200,3653
realdonaldtrump,Memrise,https://www.memrise.com/,https://www.memrise.com/user/realdonaldtrump/,yes,200,3813
realdonaldtrump,MixCloud,https://www.mixcloud.com/,https://www.mixcloud.com/realdonaldtrump/,yes,200,4098
realdonaldtrump,MyAnimeList,https://myanimelist.net/,https://myanimelist.net/profile/realdonaldtrump,yes,200,4268
realdonaldtrump,Myspace,https://myspace.com/,https://myspace.com/realdonaldtrump,yes,200,3936
realdonaldtrump,NICommunityForum,https://www.native-instruments.com/forum/,https://www.native-instruments.com/forum/members?username=realdonaldtrump,no,200,4185
realdonaldtrump,nightbot,https://nightbot.tv/,https://nightbot.tv/t/realdonaldtrump/commands,no,404,4242
realdonaldtrump,NPM,https://www.npmjs.com/,https://www.npmjs.com/~realdonaldtrump,no,500,4416
realdonaldtrump,NPM-Package,https://www.npmjs.com/,https://www.npmjs.com/package/realdonaldtrump,no,404,4932
realdonaldtrump,NameMC (Minecraft.net skins),https://namemc.com/,https://namemc.com/profile/realdonaldtrump,yes,503,3907
realdonaldtrump,NationStates Nation,https://nationstates.net,https://nationstates.net/nation=realdonaldtrump,no,200,4830
realdonaldtrump,NationStates Region,https://nationstates.net,https://nationstates.net/region=realdonaldtrump,no,200,4824
realdonaldtrump,Newgrounds,https://newgrounds.com,https://realdonaldtrump.newgrounds.com,yes,200,4174
realdonaldtrump,OK,https://ok.ru/,https://ok.ru/realdonaldtrump,yes,200,4460
realdonaldtrump,OpenCollective,https://opencollective.com/,https://opencollective.com/realdonaldtrump,no,404,4703
realdonaldtrump,OpenStreetMap,https://www.openstreetmap.org/,https://www.openstreetmap.org/user/realdonaldtrump,yes,200,4278
realdonaldtrump,Oracle Community,https://community.oracle.com,https://community.oracle.com/people/realdonaldtrump,no,404,4237
realdonaldtrump,OurDJTalk,https://ourdjtalk.com/,https://ourdjtalk.com/members?username=realdonaldtrump,no,200,4974
realdonaldtrump,PCGamer,https://pcgamer.com,https://forums.pcgamer.com/members/?username=realdonaldtrump,yes,403,4702
realdonaldtrump,PCPartPicker,https://pcpartpicker.com,https://pcpartpicker.com/user/realdonaldtrump,yes,200,4391
realdonaldtrump,PSNProfiles.com,https://psnprofiles.com/,https://psnprofiles.com/realdonaldtrump,no,301,4376
realdonaldtrump,Packagist,https://packagist.org/,https://packagist.org/packages/realdonaldtrump/,no,302,4436
realdonaldtrump,Pastebin,https://pastebin.com/,https://pastebin.com/u/realdonaldtrump,no,302,4312
realdonaldtrump,Patreon,https://www.patreon.com/,https://www.patreon.com/realdonaldtrump,yes,200,4690
realdonaldtrump,Periscope,https://www.periscope.tv/,https://www.periscope.tv/realdonaldtrump/,yes,200,5469
realdonaldtrump,Photobucket,https://photobucket.com/,https://photobucket.com/user/realdonaldtrump/library,yes,200,5650
realdonaldtrump,Pinkbike,https://www.pinkbike.com/,https://www.pinkbike.com/u/realdonaldtrump/,yes,200,4823
realdonaldtrump,Pinterest,https://www.pinterest.com/,https://www.pinterest.com/realdonaldtrump/,yes,200,4718
realdonaldtrump,PlayStore,https://play.google.com/store,https://play.google.com/store/apps/developer?id=realdonaldtrump,no,404,4613
realdonaldtrump,Pling,https://www.pling.com/,https://www.pling.com/u/realdonaldtrump/,no,302,5176
realdonaldtrump,Plug.DJ,https://plug.dj/,https://plug.dj/@/realdonaldtrump,yes,200,4925
realdonaldtrump,Pokemon Showdown,https://pokemonshowdown.com,https://pokemonshowdown.com/users/realdonaldtrump,yes,200,4685
realdonaldtrump,PokerStrategy,http://www.pokerstrategy.net,http://www.pokerstrategy.net/user/realdonaldtrump/profile/,no,404,4859
realdonaldtrump,Polygon,https://www.polygon.com/,https://www.polygon.com/users/realdonaldtrump,no,404,4739
realdonaldtrump,ProductHunt,https://www.producthunt.com/,https://www.producthunt.com/@realdonaldtrump,no,200,4914
realdonaldtrump,PromoDJ,http://promodj.com/,http://promodj.com/realdonaldtrump,no,404,5911
realdonaldtrump,Quora,https://www.quora.com/,https://www.quora.com/profile/realdonaldtrump,no,301,4836
realdonaldtrump,Raidforums,https://raidforums.com/,https://raidforums.com/User-realdonaldtrump,no,404,5374
realdonaldtrump,Rajce.net,https://www.rajce.idnes.cz/,https://realdonaldtrump.rajce.idnes.cz/,no,410,5623
realdonaldtrump,Rate Your Music,https://rateyourmusic.com/,https://rateyourmusic.com/~realdonaldtrump,yes,200,5745
realdonaldtrump,Realmeye,https://www.realmeye.com/,https://www.realmeye.com/player/realdonaldtrump,no,200,5492
realdonaldtrump,Redbubble,https://www.redbubble.com/,https://www.redbubble.com/people/realdonaldtrump,yes,200,5536
realdonaldtrump,Reddit,https://www.reddit.com/,https://www.reddit.com/user/realdonaldtrump,yes,200,6667
realdonaldtrump,Redsun.tf,https://redsun.tf/,https://forum.redsun.tf/members/?username=realdonaldtrump,no,200,5475
realdonaldtrump,Repl.it,https://repl.it/,https://repl.it/@realdonaldtrump,yes,200,5240
realdonaldtrump,ResearchGate,https://www.researchgate.net/,,illegal,,
realdonaldtrump,ReverbNation,https://www.reverbnation.com/,https://www.reverbnation.com/realdonaldtrump,no,404,5207
realdonaldtrump,Roblox,https://www.roblox.com/,https://www.roblox.com/user.aspx?username=realdonaldtrump,yes,200,6030
realdonaldtrump,RubyGems,https://rubygems.org/,https://rubygems.org/profiles/realdonaldtrump,no,404,5187
realdonaldtrump,Sbazar.cz,https://www.sbazar.cz/,https://www.sbazar.cz/realdonaldtrump,no,404,5978
realdonaldtrump,Scratch,https://scratch.mit.edu/,https://scratch.mit.edu/users/realdonaldtrump,no,404,5299
realdonaldtrump,Scribd,https://www.scribd.com/,https://www.scribd.com/realdonaldtrump,yes,200,8924
realdonaldtrump,ShitpostBot5000,https://www.shitpostbot.com/,https://www.shitpostbot.com/user/realdonaldtrump,no,404,5517
realdonaldtrump,Signal,https://community.signalusers.org,https://community.signalusers.org/u/realdonaldtrump,no,404,5604
realdonaldtrump,Slack,https://slack.com,https://realdonaldtrump.slack.com,yes,200,5487
realdonaldtrump,SlideShare,https://slideshare.net/,https://slideshare.net/realdonaldtrump,no,404,5782
realdonaldtrump,Smashcast,https://www.smashcast.tv/,https://www.smashcast.tv/api/media/live/realdonaldtrump,no,404,5662
realdonaldtrump,Smule,https://www.smule.com/,https://www.smule.com/realdonaldtrump,yes,200,6212
realdonaldtrump,SoundCloud,https://soundcloud.com/,https://soundcloud.com/realdonaldtrump,yes,200,5765
realdonaldtrump,SourceForge,https://sourceforge.net/,https://sourceforge.net/u/realdonaldtrump,no,404,6109
realdonaldtrump,Speedrun.com,https://speedrun.com/,https://speedrun.com/user/realdonaldtrump,yes,200,6290
realdonaldtrump,Splits.io,https://splits.io,https://splits.io/users/realdonaldtrump,no,404,5915
realdonaldtrump,Sporcle,https://www.sporcle.com/,https://www.sporcle.com/user/realdonaldtrump/people,yes,200,5932
realdonaldtrump,SportsRU,https://www.sports.ru/,https://www.sports.ru/profile/realdonaldtrump/,no,404,6729
realdonaldtrump,Spotify,https://open.spotify.com/,https://open.spotify.com/user/realdonaldtrump,yes,200,5951
realdonaldtrump,Star Citizen,https://robertsspaceindustries.com/,https://robertsspaceindustries.com/citizens/realdonaldtrump,yes,200,5917
realdonaldtrump,Steam,https://steamcommunity.com/,https://steamcommunity.com/id/realdonaldtrump,yes,200,6154
realdonaldtrump,SteamGroup,https://steamcommunity.com/,https://steamcommunity.com/groups/realdonaldtrump,yes,200,6079
realdonaldtrump,Steamid,https://steamid.uk/,https://steamid.uk/profile/realdonaldtrump,yes,200,8144
realdonaldtrump,SublimeForum,https://forum.sublimetext.com/,https://forum.sublimetext.com/u/realdonaldtrump,no,404,5989
realdonaldtrump,T-MobileSupport,https://support.t-mobile.com,https://support.t-mobile.com/people/realdonaldtrump,no,404,7017
realdonaldtrump,TamTam,https://tamtam.chat/,https://tamtam.chat/realdonaldtrump,yes,200,6818
realdonaldtrump,Taringa,https://taringa.net/,https://www.taringa.net/realdonaldtrump,yes,200,7458
realdonaldtrump,Tellonym.me,https://tellonym.me/,https://tellonym.me/realdonaldtrump,yes,200,6314
realdonaldtrump,TikTok,https://www.tiktok.com/,https://www.tiktok.com/@realdonaldtrump,yes,200,6289
realdonaldtrump,Tinder,https://tinder.com/,https://www.gotinder.com/@realdonaldtrump,yes,200,6384
realdonaldtrump,TrackmaniaLadder,http://en.tm-ladder.com/index.php,http://en.tm-ladder.com/realdonaldtrump_rech.php,no,200,6223
realdonaldtrump,tracr.co,https://tracr.co/,https://tracr.co/users/1/realdonaldtrump,yes,200,6337
realdonaldtrump,TradingView,https://www.tradingview.com/,https://www.tradingview.com/u/realdonaldtrump/,no,404,6256
realdonaldtrump,Trakt,https://www.trakt.tv/,https://www.trakt.tv/users/realdonaldtrump,no,404,6359
realdonaldtrump,TrashboxRU,https://trashbox.ru/,https://trashbox.ru/users/realdonaldtrump,no,200,8055
realdonaldtrump,Trello,https://trello.com/,https://trello.com/realdonaldtrump,yes,200,6280
realdonaldtrump,TripAdvisor,https://tripadvisor.com/,https://tripadvisor.com/members/realdonaldtrump,no,404,8068
realdonaldtrump,Twitch,https://www.twitch.tv/,https://www.twitch.tv/realdonaldtrump,yes,200,6792
realdonaldtrump,Twitter,https://www.twitter.com/,https://www.twitter.com/realdonaldtrump,yes,200,6956
realdonaldtrump,Typeracer,https://typeracer.com,https://data.typeracer.com/pit/profile?user=realdonaldtrump,yes,200,6655
realdonaldtrump,Ultimate-Guitar,https://ultimate-guitar.com/,https://ultimate-guitar.com/u/realdonaldtrump,no,404,6851
realdonaldtrump,Unsplash,https://unsplash.com/,https://unsplash.com/@realdonaldtrump,no,404,6394
realdonaldtrump,VK,https://vk.com/,https://vk.com/realdonaldtrump,yes,200,6864
realdonaldtrump,VSCO,https://vsco.co/,https://vsco.co/realdonaldtrump,yes,200,6942
realdonaldtrump,Velomania,https://forum.velomania.ru/,https://forum.velomania.ru/member.php?username=realdonaldtrump,no,200,6901
realdonaldtrump,Venmo,https://venmo.com/,https://venmo.com/realdonaldtrump,yes,200,6891
realdonaldtrump,Viadeo,http://fr.viadeo.com/en/,http://fr.viadeo.com/en/profile/realdonaldtrump,no,404,6703
realdonaldtrump,Vimeo,https://vimeo.com/,https://vimeo.com/realdonaldtrump,yes,200,6744
realdonaldtrump,Virgool,https://virgool.io/,https://virgool.io/@realdonaldtrump,yes,200,8345
realdonaldtrump,VirusTotal,https://www.virustotal.com/,https://www.virustotal.com/ui/users/realdonaldtrump/trusted_users,no,404,6919
realdonaldtrump,Wattpad,https://www.wattpad.com/,https://www.wattpad.com/user/realdonaldtrump,yes,200,7936
realdonaldtrump,We Heart It,https://weheartit.com/,https://weheartit.com/realdonaldtrump,no,404,7059
realdonaldtrump,WebNode,https://www.webnode.cz/,https://realdonaldtrump.webnode.cz/,no,404,7700
realdonaldtrump,Whonix Forum,https://forums.whonix.org/,https://forums.whonix.org/u/realdonaldtrump,no,404,7508
realdonaldtrump,Wikidot,http://www.wikidot.com/,http://www.wikidot.com/user:info/realdonaldtrump,no,200,6930
realdonaldtrump,Wikipedia,https://www.wikipedia.org/,https://www.wikipedia.org/wiki/User:realdonaldtrump,no,404,7214
realdonaldtrump,Wix,https://wix.com/,https://realdonaldtrump.wix.com,no,404,7128
realdonaldtrump,WordPress,https://wordpress.com,https://realdonaldtrump.wordpress.com/,no,302,7045
realdonaldtrump,WordPressOrg,https://wordpress.org/,https://profiles.wordpress.org/realdonaldtrump/,no,404,7284
realdonaldtrump,YandexCollection,https://yandex.ru/collections/,https://yandex.ru/collections/user/realdonaldtrump/,yes,200,7823
realdonaldtrump,YouNow,https://www.younow.com/,https://www.younow.com/realdonaldtrump/,yes,200,7203
realdonaldtrump,YouPic,https://youpic.com/,https://youpic.com/photographer/realdonaldtrump/,no,404,7783
realdonaldtrump,YouTube,https://www.youtube.com/,https://www.youtube.com/realdonaldtrump,no,404,7215
realdonaldtrump,Zhihu,https://www.zhihu.com/,https://www.zhihu.com/people/realdonaldtrump,yes,200,7857
realdonaldtrump,Zomato,https://www.zomato.com/,https://www.zomato.com/pl/realdonaldtrump/foodjourney,no,404,7522
realdonaldtrump,akniga,https://akniga.org/profile/blue/,https://akniga.org/profile/realdonaldtrump,no,404,8656
realdonaldtrump,allmylinks,https://allmylinks.com/,https://allmylinks.com/realdonaldtrump,no,404,7533
realdonaldtrump,authorSTREAM,http://www.authorstream.com/,http://www.authorstream.com/realdonaldtrump/,no,404,7400
realdonaldtrump,babyRU,https://www.baby.ru/,https://www.baby.ru/u/realdonaldtrump/,no,404,8747
realdonaldtrump,babyblogRU,https://www.babyblog.ru/,https://www.babyblog.ru/user/info/realdonaldtrump,no,404,8126
realdonaldtrump,chaos.social,https://chaos.social/,https://chaos.social/@realdonaldtrump,no,404,7763
realdonaldtrump,couchsurfing,https://www.couchsurfing.com/,https://www.couchsurfing.com/people/realdonaldtrump,no,404,7630
realdonaldtrump,d3RU,https://d3.ru/,https://d3.ru/user/realdonaldtrump/posts,no,404,7807
realdonaldtrump,dailykos,https://www.dailykos.com,https://www.dailykos.com/user/realdonaldtrump,yes,200,8813
realdonaldtrump,datingRU,http://dating.ru,http://dating.ru/realdonaldtrump,no,404,9617
realdonaldtrump,devRant,https://devrant.com/,https://devrant.com/users/realdonaldtrump,yes,200,7817
realdonaldtrump,drive2,https://www.drive2.ru/,https://www.drive2.ru/users/realdonaldtrump,no,404,8240
realdonaldtrump,eGPU,https://egpu.io/,https://egpu.io/forums/profile/realdonaldtrump/,no,404,8094
realdonaldtrump,easyen,https://easyen.ru/,https://easyen.ru/index/8-0-realdonaldtrump,no,200,8351
realdonaldtrump,eintracht,https://eintracht.de,https://community.eintracht.de/fans/realdonaldtrump,no,404,9028
realdonaldtrump,fixya,https://www.fixya.com,https://www.fixya.com/users/realdonaldtrump,no,404,8057
realdonaldtrump,fl,https://www.fl.ru/,https://www.fl.ru/users/realdonaldtrump,no,404,9739
realdonaldtrump,forum_guns,https://forum.guns.ru/,https://forum.guns.ru/forummisc/blog/realdonaldtrump,no,200,12223
realdonaldtrump,forumhouseRU,https://www.forumhouse.ru/,https://www.forumhouse.ru/members/?username=realdonaldtrump,no,200,9202
realdonaldtrump,geocaching,https://www.geocaching.com/,https://www.geocaching.com/profile/?u=realdonaldtrump,yes,200,8435
realdonaldtrump,gfycat,https://gfycat.com/,https://gfycat.com/@realdonaldtrump,no,404,8189
realdonaldtrump,gpodder.net,https://gpodder.net/,https://gpodder.net/user/realdonaldtrump,no,404,8642
realdonaldtrump,habr,https://habr.com/,https://habr.com/ru/users/realdonaldtrump,no,404,8529
realdonaldtrump,hackster,https://www.hackster.io,https://www.hackster.io/realdonaldtrump,no,404,8382
realdonaldtrump,hunting,https://www.hunting.ru/forum/,https://www.hunting.ru/forum/members/?username=realdonaldtrump,no,200,8962
realdonaldtrump,iMGSRC.RU,https://imgsrc.ru/,https://imgsrc.ru/main/user.php?user=realdonaldtrump,no,302,8672
realdonaldtrump,igromania,http://forum.igromania.ru/,http://forum.igromania.ru/member.php?username=realdonaldtrump,no,200,9222
realdonaldtrump,interpals,https://www.interpals.net/,https://www.interpals.net/realdonaldtrump,yes,200,8545
realdonaldtrump,irecommend,https://irecommend.ru/,https://irecommend.ru/users/realdonaldtrump,no,404,20045
realdonaldtrump,jeuxvideo,http://www.jeuxvideo.com,http://www.jeuxvideo.com/profil/realdonaldtrump?mode=infos,yes,200,8834
realdonaldtrump,kwork,https://www.kwork.ru/,https://kwork.ru/user/realdonaldtrump,no,404,9063
realdonaldtrump,labpentestit,https://lab.pentestit.ru/,https://lab.pentestit.ru/profile/realdonaldtrump,no,302,9054
realdonaldtrump,last.fm,https://last.fm/,https://last.fm/user/realdonaldtrump,no,404,16910
realdonaldtrump,leasehackr,https://forum.leasehackr.com/,https://forum.leasehackr.com/u/realdonaldtrump/summary/,no,404,9100
realdonaldtrump,livelib,https://www.livelib.ru/,https://www.livelib.ru/reader/realdonaldtrump,no,404,9397
realdonaldtrump,mastodon.cloud,https://mastodon.cloud/,https://mastodon.cloud/@realdonaldtrump,yes,200,9416
realdonaldtrump,mastodon.social,https://chaos.social/,https://mastodon.social/@realdonaldtrump,no,410,9307
realdonaldtrump,mastodon.technology,https://mastodon.xyz/,https://mastodon.technology/@realdonaldtrump,no,404,8885
realdonaldtrump,mastodon.xyz,https://mastodon.xyz/,https://mastodon.xyz/@realdonaldtrump,no,410,9600
realdonaldtrump,metacritic,https://www.metacritic.com/,https://www.metacritic.com/user/realdonaldtrump,no,200,9745
realdonaldtrump,mixer.com,https://mixer.com/,https://mixer.com/realdonaldtrump,yes,200,9168
realdonaldtrump,moikrug,https://moikrug.ru/,https://moikrug.ru/realdonaldtrump,no,404,9838
realdonaldtrump,mstdn.io,https://mstdn.io/,https://mstdn.io/@realdonaldtrump,yes,200,9752
realdonaldtrump,nnRU,https://https://www.nn.ru/,https://realdonaldtrump.www.nn.ru/,no,404,9792
realdonaldtrump,notabug.org,https://notabug.org/,https://notabug.org/realdonaldtrump,no,404,9598
realdonaldtrump,note,https://note.com/,https://note.com/realdonaldtrump,no,404,9737
realdonaldtrump,opennet,https://www.opennet.ru/,https://www.opennet.ru/~realdonaldtrump,no,200,9868
realdonaldtrump,opensource,https://opensource.com/,https://opensource.com/users/realdonaldtrump,no,404,9652
realdonaldtrump,osu!,https://osu.ppy.sh/,https://osu.ppy.sh/users/realdonaldtrump,yes,200,10227
realdonaldtrump,pedsovet,http://pedsovet.su/,http://pedsovet.su/index/8-0-realdonaldtrump,no,200,10855
realdonaldtrump,phpRU,https://php.ru/forum/,https://php.ru/forum/members/?username=realdonaldtrump,no,200,10257
realdonaldtrump,pikabu,https://pikabu.ru/,https://pikabu.ru/@realdonaldtrump,yes,200,10074
realdonaldtrump,pr0gramm,https://pr0gramm.com/,https://pr0gramm.com/api/profile/info?name=realdonaldtrump,yes,200,10011
realdonaldtrump,pvpru,https://pvpru.com/,https://pvpru.com/board/member.php?username=realdonaldtrump&tab=aboutme#aboutme,no,404,9958
realdonaldtrump,radio_echo_msk,https://echo.msk.ru/,https://echo.msk.ru/users/realdonaldtrump,no,404,11003
realdonaldtrump,radioskot,https://radioskot.ru/,https://radioskot.ru/index/8-0-realdonaldtrump,no,200,10536
realdonaldtrump,satsisRU,https://satsis.info/,https://satsis.info/user/realdonaldtrump,no,404,11134
realdonaldtrump,segmentfault,https://segmentfault.com/,https://segmentfault.com/u/realdonaldtrump,no,404,10913
realdonaldtrump,social.tchncs.de,https://social.tchncs.de/,https://social.tchncs.de/@realdonaldtrump,yes,200,10541
realdonaldtrump,sparkpeople,https://www.sparkpeople.com,https://www.sparkpeople.com/mypage.asp?id=realdonaldtrump,no,200,10271
realdonaldtrump,spletnik,https://spletnik.ru/,https://spletnik.ru/user/realdonaldtrump,no,404,12502
realdonaldtrump,svidbook,https://www.svidbook.ru/,https://www.svidbook.ru/user/realdonaldtrump,no,404,10387
realdonaldtrump,toster,https://www.toster.ru/,https://www.toster.ru/user/realdonaldtrump/answers,no,404,10752
realdonaldtrump,travellerspoint,https://www.travellerspoint.com,https://www.travellerspoint.com/users/realdonaldtrump,no,200,11489
realdonaldtrump,uid,https://uid.me/,http://uid.me/realdonaldtrump,no,404,10399
realdonaldtrump,warriorforum,https://www.warriorforum.com/,https://www.warriorforum.com/members/realdonaldtrump.html,no,400,10380
realdonaldtrump,windy,https://windy.com/,https://community.windy.com/user/realdonaldtrump,no,404,10682
realdonaldtrump,soylentnews,https://soylentnews.org,https://soylentnews.org/~realdonaldtrump,yes,200,10994
